Haemoglobin,ESR,WBC,Neutrophil,Lymphocyte,Monocyte,RBC,Platelets,Result
8.6,64,26.9,88,8,3,2.78,15,1
12.04347251,48.62201163,7.726151811,51,41.50170764,3.561859634,4.488127135,268,0
14.5,27,7.06,48,37,9,5.11,125,1
13.8,24,3.53,53,44,3,5.18,190,1
12.5,30,8.6,65,25,8,4.69,56,1
11.8,33,2.5,48,43,8,4.44,100,1
15.4,14,4.31,52,39,8,4.99,15,1
12.19221884,41.39273508,12.34216275,69,52.14678357,22.57339179,0.706926904,407,0
12,6,10.4,82,14,3,4.25,15,1
15.1,6,6.5,50,37,10,5.38,140,1
13.5,8,4.2,74,23,3,5.23,17,1
9.6,16,5.5,59,33,6,3.42,175,0
8.541382257,56.90367186,14.31549032,74,23.19740795,7.653995547,2.321377984,525,0
11.2,21,2.38,65,28,6,4.22,125,1
11.3,14,6.3,67,22,10,5.74,145,0
8.1,80,14,40,32,5,2.75,22,1
7.8,6,0.61,76,21,2,3.17,14,1
14.2,6,9.9,66,27,4,4.95,280,0
15.1,17,7.26,52,40,7,5.32,30,1
11.4,17,11.4,52,36,10,4.42,30,1
12.60615002,10.02050008,3.711787545,60,26.89749961,9.958999842,4.301480044,35,0
13.10279313,38.90520439,8.865988144,65,58.09479561,24.33432136,0.802496726,397,0
10.36205745,60.86172364,9.355834164,72,23.24114909,3.540191516,3.806430643,146,0
14.8,10,5.3,55,29,13,4.95,20,1
15,50,6.5,55,34,10,5.25,55,1
12.5,8,5.38,61,33,5,4.2,218,0
12.9,35,4.2,82,14,3,4.18,120,1
11.2,15,2.24,54,35,10,4.29,20,1
15.6,6,1.91,52,38,8,5.13,20,1
12.8,30,6.3,49,40,10,4.86,35,1
16.8,4,4.5,50,35,11,5.49,10,1
10,14,5.92,59,33,6,3.54,154,0
11.4,20,8.4,40,50,7,4.41,50,1
11.1,41,9.1,36,51,10,3.82,26,1
13.47349411,20.42228827,10.66819294,68,26.89578238,3.736747056,4.717879529,259,0
14.6,10,6.98,47,43,7,6.23,35,1
13.10320035,13.00800088,5.362400264,76,16.04800527,5.008000879,4.944239917,157,0
11.66300549,11.8630516,5.006571678,60,31.0684742,5.643841934,4.180684742,211,0
15.2,20,5.2,47,43,8,5.91,25,1
10.7,46,3.92,61,61,29,3.81,40,1
7.6,70,23.1,84,13,3,2.86,402,0
6.5,8,11.8,86,10,3,2.22,172,0
14.5,1,4.1,75,12,10,5.28,184,1
6.5,120,10.3,65,27,4,2.67,90,1
13.64311245,8.189625171,5.18455298,49,42.43342896,5.94582138,4.834582138,197,0
11.3,38,6.06,42,50,6,4.21,83,1
12.1,35,10.41,44,46,7,5.15,180,0
10.1,42,4.94,35,55,9,3.77,120,1
11.9,15,2.26,40,51,8,4.4,116,1
15.4,8,6.8,55,40,5,5.01,94,1
9.6,119,7.04,71,25,3,3.36,145,0
13.6,12,6,51,32,10,4.93,15,1
7.588218408,91.17815923,15.89169535,78,16.75287363,4.376436815,2.797068955,468,0
10.70058304,32.09025195,5.240363804,67,25.95778921,5.216884316,3.891077431,111,0
14,14,5.07,48,36,9,4.98,60,1
15.4,6,10.3,42,47,10,5.86,45,1
12.5,15,2.98,39,50,9,4.58,25,1
13.93867774,16.87224529,11.17122325,70,24.45991695,4.051101884,4.744158416,263,0
14.57134653,13.26790842,5.451776485,75,14.26790842,8,5.155078775,197,0
11.70736511,60,9.318555531,61,31.51841277,4.259206384,4.32913122,260,0
10.2,32,4.56,31,63,6,3.13,30,1
13.4,18,3.64,75,22,3,5.42,138,0
15.1,10,9.25,38,50,9,5.64,25,1
13.5,18,7.4,57,35,6,5.01,35,1
9.6,45,1.94,60,33,5,3.66,10,1
13.8,10,3.9,47,41,10,4.76,170,1
14,12,10.3,47,42,10,5.36,120,1
7.5,90,0.54,4,88,1,2.98,10,1
